Name,Email,Phone Number,Mathematics,Science,History,English,Art,Computer Science
Juan Johnson,thomas48@hotmail.com,001-181-670-2300x01124,88,72,72,84,73,91
Thomas Walker,ruizjeffrey@gmail.com,(440)984-0944x5901,57,93,77,60,85,78
Shannon Walton,smiththomas@mitchell.com,424-148-8059x97724,64,54,86,90,94,80
Melissa Valdez,larry87@holmes-cline.info,(990)679-0576x185,80,74,75,98,100,79
Monica Weber,marshallmichael@hotmail.com,666.845.7420,61,77,83,56,59,74
Doris Robertson,spencerwilliams@hotmail.com,(177)135-1957,64,96,63,77,68,88
Jill Wang,powelltanya@hotmail.com,(267)072-8430x934,53,100,91,84,84,97
Maria Stone,claytonpaul@turner.com,001-168-464-1470,84,65,85,99,52,88
Diane Mejia,alexis61@mccall-jackson.com,001-951-944-9144x368,56,71,71,84,85,99
Jennifer Silva,laura34@hotmail.com,112-021-8890,89,79,94,74,93,89
Kyle Davis,lesliemorris@yahoo.com,001-926-659-4186,82,94,53,53,69,80
Kristen Weber,michaelcarrillo@simpson-williams.com,7278360355,78,78,64,53,61,71
Richard Kim,ymatthews@lee-preston.info,435-338-4458,57,92,73,58,75,72
Anne Gibson,mchang@jones.com,(430)498-2941x087,57,55,78,84,94,82
Barbara Hicks,catherineburke@dickerson.net,+1-539-140-7078x4022,68,75,55,58,64,57
Michael Morales,travismoon@jones.com,+1-157-266-3337x1477,65,77,62,82,87,81
Larry Mckenzie,anthony23@page.com,322.651.4267,69,55,80,55,51,76
Bryan Drake,anita36@hudson.biz,685.601.4275x630,65,68,69,71,64,97
Bradley Sims,matthew08@jones.com,6535347885,100,71,72,63,58,82
Xavier Vaughn,jeanscott@yahoo.com,-10120,58,75,93,83,63,89
Melissa Jackson,ywood@gmail.com,(482)197-3305x155,67,55,55,67,76,92
Tracy Williams,egentry@hotmail.com,001-999-059-4465x3771,87,68,51,58,67,96
Charles Santana,ryanfisher@yahoo.com,2101353499,85,63,62,79,58,70
Nicole Sanchez,tmcdonald@harmon-harris.org,577-376-9586,96,55,59,70,88,55
Wesley Carlson,sherrystark@yahoo.com,(766)538-9032x5312,79,53,64,71,79,99
Carrie Ford,dominique00@good.com,001-424-999-0642x715,63,83,81,65,55,57
Ryan Tanner,ugray@hotmail.com,458-858-4328x637,64,83,90,59,51,64
Rebecca Pham,rosenathan@lewis.org,770-179-7059x83311,59,73,66,57,69,80
Matthew Lowery,mmorgan@wise-li.com,001-504-253-1278,94,81,94,93,71,84
Brandi Taylor,kayla80@medina.com,+1-224-248-5889x3801,92,97,93,55,67,63
John Miller,corey40@murphy.net,4439960347,87,81,61,98,84,93
Michelle Peterson MD,williamslisa@gmail.com,001-101-549-8288x5802,82,82,73,74,99,57
Ryan Perry,vgutierrez@anderson.com,001-245-568-7659x3245,50,84,78,98,66,59
Cynthia Gilmore,olsoncourtney@yahoo.com,+1-208-230-6078x05125,90,98,70,80,68,56
Deanna Rosario,frazierkendra@smith-gomez.org,3940787170,88,58,52,66,74,64
Lisa Green,michealshaffer@gmail.com,756.146.9809,94,89,79,52,94,57
Dr. Daniel Wright DDS,michaelbarnes@carroll-rivas.org,+1-340-054-4434x8159,51,94,59,52,81,62
James Chang,garywest@yahoo.com,+1-493-309-7516x411,63,69,91,66,76,82
Heather Reynolds,mirandawendy@yahoo.com,001-005-176-3258,91,66,99,73,68,91
Brittany Hernandez,areyes@jimenez-little.org,513-202-0738x958,92,67,83,51,100,65
Eric Camacho,megansullivan@gmail.com,+1-501-317-6785x6783,76,51,91,60,56,59
Michelle Richards,awagner@yahoo.com,-10498,99,56,78,78,76,60
Brian Oconnor,bmiller@gmail.com,001-774-206-2548x077,86,98,51,77,75,62
Theresa Williams,jeremy81@medina-johnson.com,026-355-2791x90113,79,88,99,75,64,99
Alexis Medina,espinozaashley@gmail.com,001-443-164-9182,62,59,95,77,79,77
Roberta Morales,brian07@hotmail.com,481.475.2986x1743,86,61,75,97,55,83
Jessica Sanders,megancruz@williamson.com,591-410-1471x113,67,82,87,64,98,68
April Weaver,petersoncrystal@anderson-robinson.com,(001)850-5288x5500,82,83,76,89,63,71
Sydney Allen,laura18@potts-james.net,775.137.3525,77,64,91,66,96,75
Joann Carter,karen11@duran-smith.com,6889941499,71,91,51,65,52,92
Anna Sullivan,alicegilbert@martinez.com,(294)764-0506,80,79,76,60,65,70
Marissa Hendricks,victor18@gmail.com,409.705.9748,93,65,58,59,72,80
Robert Ross,leonard48@kennedy.com,765.212.7116x44914,98,93,94,71,93,59
Juan Washington,mercadobeth@jones-flynn.com,923-934-9035x103,98,89,91,64,84,99
Mrs. Kelly Whitehead MD,greenpatricia@chung.com,(614)925-4230,64,54,60,86,56,96
John Taylor,mooreemily@bender-rowe.info,(638)742-2704x852,60,91,84,79,64,95
Paul Johnson,martinezbrian@yahoo.com,001-043-919-7416x78099,60,65,68,59,92,98
Darlene Bennett,ashleynorton@huynh.com,693-579-0343x7476,84,57,63,60,82,63
Spencer Carr,fisherkara@bates.com,(808)630-6797x72413,99,83,54,61,64,60
Whitney Moore,kimbrian@yahoo.com,001-266-337-1108x7636,53,55,99,80,51,87
Nicole Burns,sthompson@hotmail.com,115.686.6066x308,67,79,55,96,81,75
Charles Howard,raymond57@hotmail.com,903-268-0914x15707,98,94,84,51,91,97
Natalie Barber,morenochristian@yahoo.com,444.343.1626,98,59,89,97,99,92
Angela Pacheco,ashley81@hotmail.com,493.473.4578x0286,91,99,59,56,60,75
Robert Johnson,nconner@gmail.com,001-665-998-4712x963,94,54,56,87,66,55
Jennifer Leblanc,twilliams@yahoo.com,613-576-8321x2195,84,85,58,94,65,85
Karen Blackburn,ndodson@yahoo.com,080-866-7106,55,72,90,66,89,81
Erica Johnson,burnettraymond@cervantes.com,+1-076-079-5627x824,54,78,80,75,66,85
Michele Kennedy,tammy63@jordan-cardenas.net,541.868.9013x18603,54,57,91,56,59,80
Scott Lee,ebennett@gmail.com,7123047414,100,78,50,68,75,69
Bobby Chapman,kaitlin73@gmail.com,216.206.5788x121,75,76,81,88,92,80
Chris Montoya,enelson@yahoo.com,(125)381-4676x667,60,80,88,68,74,80
Ryan Gonzalez,emorrison@guzman.com,082-512-5948x24607,54,84,89,80,93,78
Willie Gibson,parkskathy@gmail.com,001-589-975-2373,62,62,63,91,63,85
Katelyn Williams,timothy77@perkins-cook.org,+1-305-515-9470x34468,68,53,66,98,51,88
Rebecca Morris,jenkinsamanda@hotmail.com,(419)984-8584x333,76,91,98,67,54,54
Rhonda Joseph,misty82@yahoo.com,001-113-128-3115x22138,89,97,59,87,99,83
Bradley Schneider,martinalexandria@yahoo.com,(212)176-3399x32372,76,61,87,80,95,60
Debra Wright,shannonmcintosh@shaw-ingram.info,1834065825,95,53,62,59,100,100
Brooke Martin,goldenterri@jacobs-mathis.biz,+1-444-667-3309x531,91,71,95,64,89,89
Aaron Carter,fmacdonald@butler-williams.org,823-542-0933,79,69,96,81,85,77
Tammy Becker,lmiller@gmail.com,834-782-4081x04006,78,82,96,50,93,79
Yvette Kemp,hsingh@walker.net,9580646827,90,68,81,78,62,77
John Ross,pthomas@gmail.com,665.498.2831x9313,95,88,54,81,75,63
Jeffrey Fletcher,gcohen@gmail.com,(938)521-1940x16866,98,53,78,50,80,99
Andrew Chen,trevinoann@montes.com,+1-119-429-5527x387,58,62,96,96,59,96
Christopher Ingram,sarahlee@arias-anderson.com,+1-202-276-0839x21806,55,65,95,69,81,84
Mrs. Elizabeth Dominguez,william22@gmail.com,623.209.6862,56,98,65,74,100,76
Suzanne Kelly,owise@ward.biz,068.722.0637x6515,55,81,95,94,63,88
Catherine Caldwell,brenthodge@wolfe-rush.org,(287)894-3598x22542,99,97,91,95,93,75
Joseph Dickerson,haleyallen@yahoo.com,001-069-877-9815x41187,78,76,57,96,99,82
Tara Olson,patricia20@powell.com,638-042-3630x82390,85,72,81,90,52,66
Kimberly Smith,joshua27@gmail.com,(593)838-1782x1710,74,65,65,67,71,80
Thomas Anderson,adam47@taylor.org,(493)489-7134,61,89,58,51,92,55
Roy Wilson,tannercarson@gmail.com,(024)997-2607x4966,99,91,85,51,59,81
Randy Dennis,jasonsmith@gmail.com,+1-581-817-5697x6278,76,53,92,53,98,65
Anita Smith,lopezanthony@yahoo.com,+1-732-975-2019x707,54,74,91,54,100,88
Logan Werner,opatterson@torres.com,001-427-091-2750x15147,67,59,95,54,73,93
Mr. Christopher Dawson,walter26@smith.info,618.676.8391x2083,52,78,96,52,71,70
Christopher Montoya,douglashernandez@hotmail.com,288-870-4041,67,69,83,71,99,57
